{
    "input_dimension": 1,
    "hidden_dimension": 1,
    "wx_f": [
        [
            0.7576211169273823
        ]
    ],
    "wh_f": [
        [
            -0.08418122944387288
        ]
    ],
    "b_f": [
        [
            0.20603268754123927
        ]
    ],
    "wx_i": [
        [
            0.6002932776203879
        ]
    ],
    "wh_i": [
        [
            -0.0617424606500991
        ]
    ],
    "b_i": [
        [
            0.012703466636003342
        ]
    ],
    "wx_c": [
        [
            0.8635502099336095
        ]
    ],
    "wh_c": [
        [
            -0.12094134985079029
        ]
    ],
    "b_c": [
        [
            1.0293469618340896
        ]
    ],
    "wx_o": [
        [
            3.1296396271838454
        ]
    ],
    "wh_o": [
        [
            -0.19631943180929096
        ]
    ],
    "b_o": [
        [
            -1.5126432934541172
        ]
    ],
    "momentum": 0.9,
    "h_prev": [
        [
            1.4350211695177308e-05
        ]
    ],
    "c_prev": [
        [
            -0.018307560664268852
        ]
    ],
    "mean": 78290.76767676767,
    "std": 15994.873425429812
}